Detector,Profile,File,Threshold,Score,TP,TN,FP,FN,Total_Count
expose,reward_low_FN_rate,realTraffic/TravelTime_387.csv,0.993524360657,-6.0,0,1876,0,249,2500
expose,reward_low_FN_rate,artificialNoAnomaly/art_daily_no_noise.csv,0.993524360657,0.0,0,3428,0,0,4032
expose,reward_low_FN_rate,realAWSCloudwatch/ec2_cpu_utilization_825cc2.csv,0.993524360657,0.392628553187,5,3079,6,338,4032
expose,reward_low_FN_rate,realAWSCloudwatch/ec2_disk_write_bytes_1ef3de.csv,0.993524360657,-9.76508031983,15,3447,101,458,4730
expose,reward_low_FN_rate,realTraffic/occupancy_6005.csv,0.993524360657,0.641272490375,1,1782,2,238,2380
expose,reward_low_FN_rate,realAWSCloudwatch/ec2_cpu_utilization_53ea38.csv,0.993524360657,-4.0,0,3026,0,402,4032
expose,reward_low_FN_rate,realAWSCloudwatch/iio_us-east-1_i-a2eb1cd9_NetworkIn.csv,0.993524360657,-4.0,0,931,0,126,1243
expose,reward_low_FN_rate,realKnownCause/machine_temperature_system_failure.csv,0.993524360657,-5.98519483622,5,19650,27,2263,22695
expose,reward_low_FN_rate,realTweets/Twitter_volume_CVS.csv,0.993524360657,1.95201686027,4,13570,7,1522,15853
expose,reward_low_FN_rate,realKnownCause/nyc_taxi.csv,0.993524360657,-10.0,0,8535,0,1035,10320
expose,reward_low_FN_rate,realTweets/Twitter_volume_GOOG.csv,0.993524360657,-4.2708084133,2,13632,28,1430,15842
expose,reward_low_FN_rate,realKnownCause/rogue_agent_key_hold.csv,0.993524360657,-4.0,0,1410,0,190,1882
expose,reward_low_FN_rate,realTweets/Twitter_volume_IBM.csv,0.993524360657,-3.3509259873,11,13503,50,1579,15893
expose,reward_low_FN_rate,realAdExchange/exchange-3_cpc_results.csv,0.993524360657,-6.0,0,1155,0,153,1538
expose,reward_low_FN_rate,realTraffic/TravelTime_451.csv,0.993524360657,-2.0,0,1621,0,217,2162
expose,reward_low_FN_rate,realKnownCause/ec2_request_latency_system_failure.csv,0.993524360657,2.49830813219,7,3079,3,339,4032
expose,reward_low_FN_rate,artificialWithAnomaly/art_load_balancer_spikes.csv,0.993524360657,-2.0,0,3025,0,403,4032
expose,reward_low_FN_rate,realAWSCloudwatch/ec2_network_in_257a54.csv,0.993524360657,-2.0,0,3025,0,403,4032
expose,reward_low_FN_rate,realTweets/Twitter_volume_AMZN.csv,0.993524360657,-8.0,0,13501,0,1580,15831
expose,reward_low_FN_rate,realTraffic/speed_7578.csv,0.993524360657,0.272119240167,5,838,4,111,1127
expose,reward_low_FN_rate,realAWSCloudwatch/ec2_cpu_utilization_ac20cd.csv,0.993524360657,0.767312777016,2,3024,1,401,4032
expose,reward_low_FN_rate,realAWSCloudwatch/ec2_cpu_utilization_77c1ca.csv,0.993524360657,-4.1525404223,14,2974,51,389,4032
expose,reward_low_FN_rate,realKnownCause/cpu_utilization_asg_misconfiguration.csv,0.993524360657,-3.75551325909,5,15758,43,1494,18050
expose,reward_low_FN_rate,artificialNoAnomaly/art_noisy.csv,0.993524360657,0.0,0,3428,0,0,4032
expose,reward_low_FN_rate,realAWSCloudwatch/rds_cpu_utilization_cc0c53.csv,0.993524360657,-1.14198431717,2,3026,0,400,4032
expose,reward_low_FN_rate,artificialWithAnomaly/art_daily_jumpsdown.csv,0.993524360657,-0.124300066016,2,3015,10,401,4032
expose,reward_low_FN_rate,realTraffic/occupancy_t4013.csv,0.993524360657,1.26926055765,2,1871,4,248,2500
expose,reward_low_FN_rate,realTweets/Twitter_volume_FB.csv,0.993524360657,-0.461944327344,4,13483,18,1578,15833
expose,reward_low_FN_rate,realAWSCloudwatch/grok_asg_anomaly.csv,0.993524360657,2.02495990292,4,3458,5,461,4621
expose,reward_low_FN_rate,realTweets/Twitter_volume_CRM.csv,0.993524360657,-1.23638437409,6,13523,36,1587,15902
expose,reward_low_FN_rate,realAWSCloudwatch/ec2_network_in_5abac7.csv,0.993524360657,-3.10811191654,14,3501,46,460,4730
expose,reward_low_FN_rate,artificialNoAnomaly/art_daily_perfect_square_wave.csv,0.993524360657,0.0,0,3428,0,0,4032
expose,reward_low_FN_rate,realAdExchange/exchange-4_cpc_results.csv,0.993524360657,-6.0,0,1232,0,165,1643
expose,reward_low_FN_rate,realTweets/Twitter_volume_AAPL.csv,0.993524360657,-8.11,0,13563,1,1588,15902
expose,reward_low_FN_rate,realKnownCause/rogue_agent_key_updown.csv,0.993524360657,-0.33322588892,5,4016,19,525,5315
expose,reward_low_FN_rate,realAWSCloudwatch/ec2_disk_write_bytes_c0d644.csv,0.993524360657,-12.0106117171,24,2909,114,381,4032
expose,reward_low_FN_rate,realAWSCloudwatch/elb_request_count_8c0756.csv,0.993524360657,-4.21746037445,0,3024,2,402,4032
expose,reward_low_FN_rate,realAdExchange/exchange-2_cpc_results.csv,0.993524360657,-2.0,0,1218,0,163,1624
expose,reward_low_FN_rate,realAdExchange/exchange-3_cpm_results.csv,0.993524360657,-2.0,0,1155,0,153,1538
expose,reward_low_FN_rate,realTraffic/speed_6005.csv,0.993524360657,0.832538201468,1,1886,0,238,2500
expose,reward_low_FN_rate,artificialWithAnomaly/art_daily_jumpsup.csv,0.993524360657,0.410915965711,3,3020,5,400,4032
expose,reward_low_FN_rate,artificialWithAnomaly/art_increase_spike_density.csv,0.993524360657,-2.0,0,3025,0,403,4032
expose,reward_low_FN_rate,realAdExchange/exchange-2_cpm_results.csv,0.993524360657,-4.0,0,1219,0,162,1624
expose,reward_low_FN_rate,realAWSCloudwatch/ec2_cpu_utilization_c6585a.csv,0.993524360657,0.0,0,3428,0,0,4032
expose,reward_low_FN_rate,artificialWithAnomaly/art_daily_flatmiddle.csv,0.993524360657,0.25616066436,1,3018,7,402,4032
expose,reward_low_FN_rate,realAWSCloudwatch/ec2_cpu_utilization_5f5533.csv,0.993524360657,1.72310160415,2,3026,0,400,4032
expose,reward_low_FN_rate,realTweets/Twitter_volume_UPS.csv,0.993524360657,-7.00547727184,29,13424,107,1556,15866
expose,reward_low_FN_rate,realAdExchange/exchange-4_cpm_results.csv,0.993524360657,-2.48352642488,3,1231,2,161,1643
expose,reward_low_FN_rate,realTweets/Twitter_volume_KO.csv,0.993524360657,-3.46945930269,8,13464,50,1579,15851
expose,reward_low_FN_rate,artificialWithAnomaly/art_daily_nojump.csv,0.993524360657,-2.58862208051,0,3018,7,403,4032
expose,reward_low_FN_rate,realAWSCloudwatch/ec2_cpu_utilization_fe7f93.csv,0.993524360657,-4.47834585706,9,2984,39,396,4032
expose,reward_low_FN_rate,artificialNoAnomaly/art_flatline.csv,0.993524360657,0.0,0,3428,0,0,4032
expose,reward_low_FN_rate,artificialNoAnomaly/art_daily_small_noise.csv,0.993524360657,-0.44,0,3424,4,0,4032
expose,reward_low_FN_rate,realAWSCloudwatch/ec2_cpu_utilization_24ae8d.csv,0.993524360657,-4.0,0,3026,0,402,4032
expose,reward_low_FN_rate,realKnownCause/ambient_temperature_system_failure.csv,0.993524360657,-4.0,0,5791,0,726,7267
expose,reward_low_FN_rate,realTraffic/speed_t4013.csv,0.993524360657,0.467302630802,5,1857,14,245,2495
expose,reward_low_FN_rate,realTweets/Twitter_volume_PFE.csv,0.993524360657,1.16341277843,6,13501,19,1582,15858
expose,reward_low_FN_rate,realAWSCloudwatch/rds_cpu_utilization_e47b3b.csv,0.993524360657,1.50310160415,5,3024,2,397,4032
Totals,,,,-138.315105194,211,298513,834,33284,365558
